movieId,title,genres
1,Eaque voluptate.,Kuliner
2,Error molestiae.,Religi
3,Consectetur omnis.,Religi
4,Velit impedit et.,Ziarah
5,Culpa voluptatem.,Kuliner
6,Illo velit.,Belanja
7,Id sint enim eos.,Belanja
8,Sunt et non tempora.,Ziarah
9,Molestias quo.,Kuliner
10,Corporis omnis.,Belanja
11,Molestiae ut.,Belanja
12,Qui et neque quo.,Religi
13,Saepe a aliquid in.,Belanja
14,Occaecati.,Religi
15,Quia rerum.,Kuliner
16,Aut corrupti est.,Taman
17,Sint adipisci.,Belanja
18,Dolor debitis eum.,Belanja
19,Assumenda ducimus.,Kuliner
20,Animi provident.,Taman
21,Sit veniam illo.,Taman
22,Est et distinctio.,Kuliner
23,Nulla odit expedita.,Taman
24,Qui dolorum id.,Belanja
25,Nulla ut voluptatum.,Ziarah
26,Cumque praesentium.,Taman
27,Nostrum qui magnam.,Taman
28,Non nihil qui ipsa.,Taman
29,Quae unde et.,Religi
30,Molestiae officia.,Religi
31,Aspernatur iste.,Belanja
32,Eum est ipsa.,Ziarah
33,Adipisci modi.,Kuliner
34,Et est unde autem.,Religi
35,Fugiat unde.,Belanja
36,Voluptas rerum nemo.,Kuliner
37,Ut numquam minima.,Taman
38,Fugiat quis fugiat.,Belanja
39,Minima impedit.,Taman
40,Minima nam ut vero.,Kuliner
41,Omnis voluptates.,Ziarah
42,Sed dignissimos.,Religi
43,Tenetur ut.,Kuliner
44,Reiciendis delectus.,Belanja
45,Laboriosam est sit.,Belanja
46,Sunt ea deserunt.,Ziarah
47,Quos sed sed harum.,Belanja
48,Eaque cumque.,Religi
49,Qui amet voluptas.,Religi
50,Sit tempora hic sit.,Taman
51,Sunt quos.,Ziarah
52,Dignissimos enim.,Religi
53,Quam dignissimos.,Taman
54,Earum ut dolorum et.,Ziarah
55,Similique sed et.,Taman
56,Illo placeat.,Belanja
57,Numquam impedit.,Taman
58,Rerum vero aliquid.,Religi
59,Numquam quisquam et.,Ziarah
60,Exercitationem.,Kuliner
61,Reiciendis unde.,Religi
62,Est dolorem.,Belanja
63,Earum quia omnis.,Kuliner
64,In aut aut amet.,Religi
65,Impedit aut in enim.,Religi
66,Cumque earum totam.,Taman
67,Libero non et.,Taman
68,Deleniti voluptates.,Religi
69,Qui repudiandae.,Religi
70,Expedita cumque.,Belanja
71,Est consequuntur ut.,Taman
72,Illo qui.,Religi
73,Voluptatem.,Ziarah
74,Autem a rem non.,Taman
75,Ea est ullam amet.,Belanja
76,Modi harum non.,Religi
77,Inventore doloribus.,Belanja
78,Velit aut.,Taman
79,Et saepe et.,Ziarah
80,Sed quo sit ut.,Taman
81,Esse unde est nisi.,Ziarah
82,Qui quasi aut.,Taman
83,Ea velit aliquam.,Kuliner
84,Cumque dolores odit.,Religi
85,Tempora nam ab.,Kuliner
86,Consequatur eveniet.,Ziarah
87,Rerum vitae.,Belanja
88,Quod itaque facere.,Taman
89,Et totam velit.,Taman
90,Harum sed hic aut.,Belanja
91,A vel repellat ea.,Religi
92,Laboriosam ducimus.,Ziarah
93,Doloremque rerum.,Belanja
94,Ut fugit itaque.,Belanja
95,Neque sint aut eius.,Religi
96,Molestiae non ut.,Ziarah
97,Ipsa aspernatur.,Taman
98,Odio voluptatem ab.,Ziarah
99,Animi qui magni.,Belanja
100,Ducimus veritatis.,Kuliner
101,Adipisci dolorem.,Ziarah
102,Autem consequatur.,Taman
103,Magni et molestias.,Religi
104,Sunt velit maxime.,Ziarah
105,Saepe eveniet.,Taman
106,Libero vel dolor.,Ziarah
107,Ducimus eos dolores.,Religi
108,Esse non eos id.,Religi
109,Perspiciatis qui.,Religi
110,Vel velit esse.,Religi
111,Impedit vel commodi.,Kuliner
112,Voluptatem.,Religi
113,Nulla nobis aut.,Ziarah
114,Ut nostrum tenetur.,Religi
115,Voluptatem dolor.,Ziarah
116,Possimus dolor.,Ziarah
117,Blanditiis quidem.,Religi
118,Blanditiis odit.,Taman
119,Quia eos temporibus.,Religi
120,Animi sapiente.,Taman
121,Et quos est eos et.,Religi
122,Ut sed et explicabo.,Belanja
123,Eos cupiditate.,Kuliner
124,Quia harum.,Religi
125,Sunt qui.,Religi
126,A dolorem quaerat.,Taman
127,Laboriosam rem quae.,Taman
128,Autem voluptate.,Religi
129,Quae suscipit nulla.,Religi
130,Qui qui aperiam et.,Kuliner
131,Ut voluptatem omnis.,Ziarah
132,Aut debitis dolores.,Kuliner
133,Veniam quibusdam.,Kuliner
134,Consequuntur non.,Kuliner
135,Qui in dolorem.,Taman
136,Et nihil quaerat.,Taman
137,Dignissimos quia.,Kuliner
138,Amet dolorem.,Belanja
139,Ullam temporibus.,Kuliner
140,Doloremque ipsam.,Taman
141,A doloremque sit.,Taman
142,Enim et recusandae.,Kuliner
143,Qui aut numquam.,Belanja
144,Odio blanditiis.,Kuliner
145,Et voluptate sit.,Ziarah
146,Saepe iusto.,Kuliner
147,Ut quia mollitia.,Taman
148,Est tempore est.,Ziarah
149,Ratione placeat qui.,Kuliner
150,Aut accusamus.,Kuliner
